SSL,HTTPS,Domain_Age,Blacklist,Trust_Score,Result
1,1,25,1,78,Safe
1,1,5,1,98,Safe
1,1,13,1,82,Safe
1,1,12,1,79,Safe
1,1,8,1,96,Safe
1,1,22,1,77,Safe
1,1,23,1,88,Safe
1,1,6,1,75,Safe
1,1,7,1,81,Safe
1,1,12,1,91,Safe
1,1,24,1,75,Safe
1,1,22,1,81,Safe
1,1,25,1,97,Safe
1,1,22,1,88,Safe
1,1,12,1,89,Safe
1,1,23,1,83,Safe
1,1,5,1,99,Safe
1,1,10,1,97,Safe
1,1,18,1,85,Safe
1,1,13,1,79,Safe
1,1,11,1,99,Safe
1,1,15,1,78,Safe
1,1,7,1,87,Safe
1,1,8,1,86,Safe
1,1,16,1,94,Safe
1,1,13,1,100,Safe
1,1,6,1,98,Safe
1,1,19,1,92,Safe
1,1,8,1,87,Safe
1,1,7,1,92,Safe
1,1,14,1,95,Safe
1,1,24,1,86,Safe
1,1,23,1,81,Safe
1,1,7,1,76,Safe
1,1,12,1,99,Safe
1,1,14,1,77,Safe
1,1,12,1,78,Safe
1,1,17,1,83,Safe
1,1,19,1,95,Safe
1,1,16,1,80,Safe
1,1,16,1,86,Safe
1,1,11,1,96,Safe
1,1,13,1,97,Safe
1,1,25,1,77,Safe
1,1,24,1,95,Safe
1,1,10,1,92,Safe
1,1,12,1,80,Safe
1,1,19,1,87,Safe
1,1,13,1,95,Safe
1,1,22,1,82,Safe
1,1,15,1,99,Safe
1,1,6,1,82,Safe
1,1,6,1,100,Safe
1,1,15,1,87,Safe
1,1,13,1,77,Safe
1,1,11,1,93,Safe
1,1,15,1,81,Safe
1,1,25,1,90,Safe
1,1,17,1,95,Safe
1,1,19,1,79,Safe
1,1,13,1,79,Safe
1,1,12,1,98,Safe
1,1,22,1,92,Safe
1,1,13,1,98,Safe
1,1,23,1,88,Safe
1,1,23,1,87,Safe
1,1,16,1,82,Safe
1,1,9,1,91,Safe
1,1,20,1,77,Safe
1,1,6,1,78,Safe
1,1,9,1,95,Safe
1,1,10,1,100,Safe
1,1,18,1,94,Safe
1,1,7,1,87,Safe
1,1,17,1,94,Safe
1,1,19,1,91,Safe
1,1,13,1,92,Safe
1,1,5,1,96,Safe
1,1,8,1,96,Safe
1,1,22,1,99,Safe
1,1,13,1,99,Safe
1,1,25,1,85,Safe
1,1,8,1,84,Safe
1,1,18,1,80,Safe
1,1,19,1,75,Safe
1,1,13,1,91,Safe
1,1,10,1,91,Safe
1,1,8,1,95,Safe
1,1,14,1,95,Safe
1,1,21,1,94,Safe
1,1,11,1,79,Safe
1,1,16,1,99,Safe
1,1,10,1,92,Safe
1,1,21,1,75,Safe
1,1,24,1,85,Safe
1,1,20,1,75,Safe
1,1,8,1,86,Safe
1,1,14,1,82,Safe
1,1,6,1,82,Safe
1,1,23,1,77,Safe
1,1,7,1,98,Safe
1,1,20,1,77,Safe
1,1,22,1,99,Safe
1,1,9,1,79,Safe
1,1,20,1,92,Safe
1,1,10,1,83,Safe
1,1,21,1,94,Safe
1,1,18,1,81,Safe
1,1,22,1,99,Safe
1,1,11,1,97,Safe
1,1,14,1,87,Safe
1,1,25,1,86,Safe
1,1,19,1,91,Safe
1,1,19,1,78,Safe
1,1,12,1,82,Safe
1,1,7,1,85,Safe
1,1,5,1,93,Safe
1,1,22,1,82,Safe
1,1,23,1,82,Safe
1,1,5,1,77,Safe
1,1,25,1,76,Safe
1,1,12,1,77,Safe
1,1,6,1,85,Safe
1,1,7,1,91,Safe
1,1,12,1,83,Safe
1,1,20,1,81,Safe
1,1,22,1,79,Safe
1,1,23,1,93,Safe
1,1,20,1,82,Safe
1,1,20,1,100,Safe
1,1,18,1,81,Safe
1,1,8,1,78,Safe
1,1,18,1,86,Safe
1,1,18,1,88,Safe
1,1,19,1,98,Safe
1,1,6,1,96,Safe
1,1,25,1,95,Safe
1,1,8,1,76,Safe
1,1,17,1,98,Safe
1,1,15,1,100,Safe
1,1,8,1,82,Safe
1,1,11,1,81,Safe
1,1,22,1,89,Safe
1,1,9,1,88,Safe
1,1,10,1,83,Safe
1,1,19,1,82,Safe
1,1,7,1,89,Safe
1,1,22,1,78,Safe
1,1,6,1,95,Safe
1,1,22,1,75,Safe
1,1,7,1,99,Safe
1,1,12,1,80,Safe
1,1,18,1,90,Safe
1,1,20,1,81,Safe
1,1,17,1,76,Safe
1,1,10,1,87,Safe
1,1,5,1,87,Safe
1,1,13,1,100,Safe
1,1,19,1,84,Safe
1,1,18,1,97,Safe
1,1,22,1,96,Safe
1,1,20,1,79,Safe
1,1,11,1,84,Safe
1,1,11,1,76,Safe
1,1,23,1,98,Safe
1,1,22,1,76,Safe
1,1,15,1,76,Safe
1,1,6,1,93,Safe
1,1,20,1,91,Safe
1,1,21,1,80,Safe
1,1,6,1,91,Safe
1,1,7,1,80,Safe
1,1,7,1,94,Safe
1,1,7,1,96,Safe
1,1,12,1,87,Safe
1,1,8,1,93,Safe
1,1,12,1,93,Safe
1,1,24,1,76,Safe
1,1,24,1,77,Safe
1,1,18,1,96,Safe
1,1,23,1,93,Safe
1,1,21,1,85,Safe
1,1,13,1,81,Safe
1,1,15,1,82,Safe
1,1,13,1,87,Safe
1,1,9,1,96,Safe
1,1,25,1,84,Safe
1,1,19,1,85,Safe
1,1,7,1,75,Safe
1,1,19,1,94,Safe
1,1,23,1,78,Safe
1,1,7,1,92,Safe
1,1,11,1,91,Safe
1,1,13,1,79,Safe
1,1,16,1,77,Safe
1,1,12,1,86,Safe
1,1,14,1,80,Safe
1,1,19,1,92,Safe
1,1,14,1,94,Safe
1,1,25,1,91,Safe
1,1,5,1,96,Safe
1,1,22,1,84,Safe
1,1,8,1,79,Safe
1,1,13,1,78,Safe
1,1,8,1,98,Safe
1,1,22,1,79,Safe
1,1,13,1,84,Safe
1,1,24,1,81,Safe
1,1,15,1,81,Safe
1,1,25,1,83,Safe
1,1,21,1,90,Safe
1,1,13,1,76,Safe
1,1,7,1,95,Safe
1,1,18,1,83,Safe
1,1,6,1,75,Safe
1,1,15,1,99,Safe
1,1,9,1,95,Safe
1,1,13,1,80,Safe
1,1,19,1,92,Safe
1,1,18,1,92,Safe
1,1,5,1,78,Safe
1,1,7,1,97,Safe
1,1,9,1,92,Safe
1,1,6,1,86,Safe
1,1,23,1,92,Safe
1,1,9,1,88,Safe
1,1,9,1,76,Safe
1,1,14,1,86,Safe
1,1,6,1,86,Safe
1,1,11,1,96,Safe
1,1,12,1,96,Safe
1,1,8,1,86,Safe
1,1,22,1,88,Safe
1,1,24,1,98,Safe
1,1,9,1,82,Safe
1,1,10,1,100,Safe
1,1,10,1,88,Safe
1,1,5,1,80,Safe
1,1,15,1,100,Safe
1,1,18,1,100,Safe
1,1,12,1,83,Safe
1,1,10,1,100,Safe
1,1,8,1,87,Safe
1,1,6,1,90,Safe
1,1,12,1,81,Safe
1,1,19,1,86,Safe
1,1,14,1,100,Safe
1,1,12,1,82,Safe
1,1,5,1,96,Safe
1,1,11,1,87,Safe
1,1,1,0,32,Suspicious
1,1,0,0,26,Suspicious
0,0,4,0,16,Suspicious
1,1,5,0,48,Suspicious
0,0,6,1,22,Suspicious
1,0,6,0,43,Suspicious
0,0,5,0,14,Suspicious
1,1,1,1,29,Suspicious
1,1,5,0,54,Suspicious
1,0,3,0,52,Suspicious
1,0,4,0,45,Suspicious
0,0,4,0,23,Suspicious
1,1,7,0,38,Suspicious
0,0,8,0,60,Suspicious
0,0,1,0,42,Suspicious
1,0,3,1,29,Suspicious
0,0,3,0,11,Suspicious
0,0,3,0,49,Suspicious
0,0,7,0,50,Suspicious
0,0,6,0,35,Suspicious
0,0,2,1,54,Suspicious
0,0,1,0,24,Suspicious
0,0,8,0,13,Suspicious
0,0,1,0,18,Suspicious
1,1,7,1,56,Suspicious
1,1,2,1,40,Suspicious
1,1,3,1,27,Suspicious
1,0,4,0,14,Suspicious
1,0,4,0,30,Suspicious
0,0,2,0,24,Suspicious
1,0,3,0,36,Suspicious
1,1,8,0,36,Suspicious
0,0,3,0,34,Suspicious
0,0,6,0,10,Suspicious
1,1,6,0,44,Suspicious
0,0,7,0,27,Suspicious
1,1,0,0,31,Suspicious
1,0,7,0,49,Suspicious
0,0,6,1,46,Suspicious
0,0,1,1,37,Suspicious
0,0,7,0,13,Suspicious
1,1,5,0,39,Suspicious
1,1,6,0,58,Suspicious
1,1,1,0,11,Suspicious
0,0,5,0,51,Suspicious
0,0,0,0,25,Suspicious
0,0,0,1,19,Suspicious
0,0,2,0,52,Suspicious
0,0,3,0,54,Suspicious
1,1,2,1,48,Suspicious
0,0,2,0,16,Suspicious
0,0,4,1,53,Suspicious
1,1,3,0,47,Suspicious
0,0,1,1,59,Suspicious
1,0,0,0,44,Suspicious
1,1,1,1,51,Suspicious
1,0,6,0,16,Suspicious
1,1,7,1,19,Suspicious
1,0,8,1,27,Suspicious
1,1,6,1,47,Suspicious
1,1,3,0,27,Suspicious
1,0,7,1,49,Suspicious
1,1,0,0,30,Suspicious
0,0,7,0,32,Suspicious
1,1,4,1,54,Suspicious
1,0,8,0,15,Suspicious
0,0,6,0,45,Suspicious
0,0,7,1,55,Suspicious
1,1,0,0,28,Suspicious
0,0,6,1,25,Suspicious
1,1,7,1,43,Suspicious
1,1,8,0,32,Suspicious
1,1,4,0,24,Suspicious
0,0,3,0,17,Suspicious
0,0,3,0,57,Suspicious
1,1,8,1,28,Suspicious
0,0,3,0,24,Suspicious
1,0,4,0,55,Suspicious
0,0,4,0,13,Suspicious
1,0,7,0,10,Suspicious
1,1,7,0,31,Suspicious
0,0,0,0,40,Suspicious
0,0,1,0,41,Suspicious
0,0,0,0,19,Suspicious
1,0,3,0,45,Suspicious
1,0,8,0,38,Suspicious
1,1,6,0,46,Suspicious
0,0,1,0,50,Suspicious
0,0,4,1,15,Suspicious
0,0,3,0,45,Suspicious
0,0,2,0,36,Suspicious
1,1,4,0,24,Suspicious
1,1,7,0,53,Suspicious
0,0,4,1,47,Suspicious
0,0,6,0,44,Suspicious
0,0,2,0,19,Suspicious
0,0,0,0,60,Suspicious
1,1,7,0,39,Suspicious
1,1,4,1,44,Suspicious
1,1,1,1,12,Suspicious
1,1,4,0,15,Suspicious
0,0,0,1,27,Suspicious
0,0,2,0,43,Suspicious
1,1,2,1,37,Suspicious
1,0,7,0,36,Suspicious
1,1,1,0,31,Suspicious
1,1,4,1,35,Suspicious
0,0,7,0,30,Suspicious
1,1,1,0,42,Suspicious
0,0,8,0,36,Suspicious
0,0,3,1,33,Suspicious
1,1,0,0,27,Suspicious
0,0,4,0,54,Suspicious
1,0,0,1,48,Suspicious
0,0,2,0,45,Suspicious
0,0,8,0,15,Suspicious
0,0,1,0,17,Suspicious
0,0,7,1,28,Suspicious
1,1,7,0,25,Suspicious
1,0,6,0,48,Suspicious
0,0,1,0,59,Suspicious
1,1,8,0,10,Suspicious
1,1,7,0,38,Suspicious
1,1,5,1,58,Suspicious
1,1,5,0,54,Suspicious
0,0,6,0,59,Suspicious
1,0,5,1,40,Suspicious
1,1,2,0,12,Suspicious
0,0,8,1,31,Suspicious
0,0,7,0,43,Suspicious
1,0,2,0,51,Suspicious
0,0,1,0,60,Suspicious
1,1,6,1,15,Suspicious
1,1,5,1,55,Suspicious
1,0,1,0,50,Suspicious
1,0,1,0,16,Suspicious
0,0,7,0,54,Suspicious
1,0,0,0,60,Suspicious
0,0,4,0,33,Suspicious
1,0,3,1,36,Suspicious
0,0,2,0,15,Suspicious
1,0,7,1,19,Suspicious
0,0,7,1,26,Suspicious
1,1,0,0,28,Suspicious
0,0,1,0,32,Suspicious
1,1,4,0,29,Suspicious
0,0,6,0,16,Suspicious
0,0,6,1,32,Suspicious
1,1,0,1,35,Suspicious
1,0,0,1,57,Suspicious
1,1,3,1,32,Suspicious
0,0,3,1,26,Suspicious
0,0,1,1,51,Suspicious
0,0,4,0,12,Suspicious
1,0,1,0,30,Suspicious
1,0,3,0,60,Suspicious
1,1,2,0,40,Suspicious
1,1,1,0,14,Suspicious
0,0,3,1,56,Suspicious
1,1,1,0,10,Suspicious
1,0,7,0,53,Suspicious
1,1,5,0,53,Suspicious
0,0,7,0,49,Suspicious
1,0,1,1,39,Suspicious
1,1,1,0,12,Suspicious
0,0,4,0,17,Suspicious
0,0,3,1,18,Suspicious
1,1,5,1,57,Suspicious
1,0,6,1,16,Suspicious
1,1,4,0,54,Suspicious
1,0,7,0,25,Suspicious
1,0,5,1,51,Suspicious
1,0,6,0,22,Suspicious
0,0,7,0,52,Suspicious
0,0,0,0,60,Suspicious
1,0,2,1,23,Suspicious
0,0,8,0,47,Suspicious
0,0,3,0,59,Suspicious
0,0,0,0,19,Suspicious
0,0,8,0,21,Suspicious
0,0,0,0,10,Suspicious
1,0,5,0,21,Suspicious
1,0,2,1,36,Suspicious
0,0,1,0,38,Suspicious
1,0,7,1,24,Suspicious
0,0,8,0,39,Suspicious
0,0,0,0,35,Suspicious
1,0,7,1,38,Suspicious
0,0,1,0,48,Suspicious
0,0,1,0,27,Suspicious
1,1,8,0,39,Suspicious
1,0,1,1,51,Suspicious
0,0,6,0,24,Suspicious
1,1,7,0,36,Suspicious
0,0,5,0,30,Suspicious
1,1,2,1,40,Suspicious
0,0,1,0,15,Suspicious
1,0,5,0,45,Suspicious
0,0,8,1,31,Suspicious
0,0,6,0,52,Suspicious
1,0,4,1,29,Suspicious
1,0,8,0,19,Suspicious
1,0,1,0,45,Suspicious
1,0,4,1,24,Suspicious
1,0,4,0,21,Suspicious
1,1,5,0,10,Suspicious
0,0,2,1,52,Suspicious
1,0,2,1,50,Suspicious
0,0,1,1,43,Suspicious
0,0,6,0,39,Suspicious
1,0,5,0,56,Suspicious
1,0,0,0,20,Suspicious
0,0,1,0,38,Suspicious
1,1,7,0,27,Suspicious
0,0,8,0,32,Suspicious
1,0,4,1,53,Suspicious
1,1,0,0,35,Suspicious
0,0,0,0,29,Suspicious
0,0,2,0,28,Suspicious
1,0,0,0,57,Suspicious
1,0,2,0,44,Suspicious
0,0,8,1,52,Suspicious
1,0,6,1,12,Suspicious
1,0,7,0,30,Suspicious
1,1,6,0,17,Suspicious
1,0,5,0,49,Suspicious
1,1,1,0,16,Suspicious
0,0,6,1,35,Suspicious
0,0,6,0,57,Suspicious
1,0,5,0,14,Suspicious
0,0,8,1,22,Suspicious
1,1,2,0,16,Suspicious
0,0,4,0,21,Suspicious
0,0,1,0,59,Suspicious
1,1,7,1,46,Suspicious
1,1,2,0,14,Suspicious
1,1,4,0,47,Suspicious
0,0,5,1,14,Suspicious
1,1,7,0,13,Suspicious
1,1,1,1,15,Suspicious
1,1,8,1,12,Suspicious
1,0,5,1,40,Suspicious
0,0,0,0,16,Suspicious
1,0,8,1,21,Suspicious
0,0,3,1,38,Suspicious
1,0,5,0,28,Suspicious
1,1,5,1,48,Suspicious
0,0,5,0,31,Suspicious
0,0,8,1,34,Suspicious
1,1,2,0,15,Suspicious
